course	minutes	title	path
Micro	11	Staphylococcus aureus	gram-positive-cocci/lesson/staphylococcus-aureus
Micro	6	Staphylococcus epidermidis & saprophyticus	gram-positive-cocci/lesson/staphylococcus-epidermidis-saprophyticus
Micro	15	Streptococcus pyogenes (Group A Strep)	gram-positive-cocci/lesson/streptococcus-pyogenes-group-a-strep
Micro	5	Streptococcus agalactiae (Group B Strep)	gram-positive-cocci/lesson/streptococcus-agalactiae-group-b-strep
Micro	9	Streptococcus pneumoniae & viridans	gram-positive-cocci/lesson/streptococcus-pneumoniae-viridans
Micro	4	Enterococcus faecium & faecalis	gram-positive-cocci/lesson/enterococcus-faecium-faecalis
Micro	7	Streptococcus gallolyticus (Group D Strep)	gram-positive-cocci/lesson/streptococcus-gallolyticus-group-d-strep
Micro	10	Bacillus anthracis & cereus	gram-positive-bacilli/lesson/bacillus-anthracis-cereus
Micro	7	Clostridium tetani	gram-positive-bacilli/lesson/clostridium-tetani
Micro	8	Clostridium botulinum	gram-positive-bacilli/lesson/clostridium-botulinum
Micro	6	Clostridium perfringens	gram-positive-bacilli/lesson/clostridium-perfringens
Micro	11	Clostridioides difficile	gram-positive-bacilli/lesson/clostridioides-difficile
Micro	7	Corynebacterium diphtheriae	gram-positive-bacilli/lesson/corynebacterium-diphtheriae
Micro	4	Listeria monocytogenes	gram-positive-bacilli/lesson/listeria-monocytogenes
Micro	3	Actinomyces israelii	gram-positive-branching-filamentous-rods/lesson/actinomyces-israelii
Micro	7	Nocardia asteroides	gram-positive-branching-filamentous-rods/lesson/nocardia-asteroides
Micro	6	Neisseria Overview	gram-negative-cocci/lesson/neisseria-overview
Micro	14	Neisseria meningitidis	gram-negative-cocci/lesson/neisseria-meningitidis
Micro	10	Neisseria gonorrhoeae	gram-negative-cocci/lesson/neisseria-gonorrhoeae
Micro	7	Moraxella catarrhalis	gram-negative-cocci/lesson/moraxella-catarrhalis
Micro	8	Klebsiella pneumoniae, Enterobacter spp., Serratia marcescens	gram-negative-bacilli-enteric-tract/lesson/klebsiella-pneumoniae-enterobacter-spp-serratia-marcescens
Micro	9	Salmonella: Intro to Salmonella & NTS	gram-negative-bacilli-enteric-tract/lesson/salmonella-intro-to-salmonella-nts
Micro	8	Salmonella: Typhoidal Salmonella	gram-negative-bacilli-enteric-tract/lesson/salmonella-typhoidal-salmonella
Micro	6	Shigella spp.	gram-negative-bacilli-enteric-tract/lesson/shigella-spp
Micro	9	Escherichia coli (ETEC & EHEC)	gram-negative-bacilli-enteric-tract/lesson/escherichia-coli-etec-ehec
Micro	8	Yersinia enterocolitica & pestis	gram-negative-bacilli-enteric-tract/lesson/yersinia-enterocolitica-pestis
Micro	6	Campylobacter jejuni	gram-negative-bacilli-enteric-tract/lesson/campylobacter-jejuni
Micro	5	Vibrio spp.	gram-negative-bacilli-enteric-tract/lesson/vibrio-spp
Micro	5	Helicobacter pylori	gram-negative-bacilli-enteric-tract/lesson/helicobacter-pylori
Micro	3	Proteus mirabilis	gram-negative-bacilli-enteric-tract/lesson/proteus-mirabilis
Micro	11	Bacteroides fragilis	gram-negative-bacilli-enteric-tract/lesson/bacteroides-fragilis
Micro	8	Bordetella pertussis	gram-negative-bacilli-respiratory-tract/lesson/bordetella-pertussis
Micro	9	Haemophilus influenzae	gram-negative-bacilli-respiratory-tract/lesson/haemophilus-influenzae
Micro	7	Legionella pneumophila	gram-negative-bacilli-respiratory-tract/lesson/legionella-pneumophila
Micro	10	Pseudomonas aeruginosa	gram-negative-bacilli-respiratory-tract/lesson/pseudomonas-aeruginosa
Micro	6	Burkholderia pseudomallei & cepacia complex	gram-negative-bacilli-respiratory-tract/lesson/burkholderia-pseudomallei-cepacia-complex
Micro	4	Bartonella henselae	gram-negative-bacilli-zoonotics/lesson/bartonella-henselae
Micro	5	Brucella spp.	gram-negative-bacilli-zoonotics/lesson/brucella-spp
Micro	4	Francisella tularensis	gram-negative-bacilli-zoonotics/lesson/francisella-tularensis
Micro	4	Pasteurella multocida	gram-negative-bacilli-zoonotics/lesson/pasteurella-multocida
Micro	6	Anaplasma phagocytophilum & Ehrlichia chaffeensis	gram-negative-bacilli-zoonotics/lesson/anaplasma-phagocytophilum-ehrlichia-chaffeensis
Micro	17	Mycobacterium tuberculosis	mycobacteria/lesson/mycobacterium-tuberculosis
Micro	9	Mycobacterium leprae	mycobacteria/lesson/mycobacterium-leprae
Micro	7	Mycobacterium avium intracellulare, Mycobacterium scrofulaceum, Mycobacterium marinum	mycobacteria/lesson/mycobacterium-avium-intracellulare-mycobacterium-scrofulaceum-mycobacterium-marinum
Micro	8	Borrelia burgdorferi	spirochetes/lesson/borrelia-burgdorferi
Micro	6	Borrelia recurrentis	spirochetes/lesson/borrelia-recurrentis
Micro	4	Leptospira interrogans	spirochetes/lesson/leptospira-interrogans
Micro	13	Treponema pallidum	spirochetes/lesson/treponema-pallidum
Micro	15	Chlamydia trachomatis, Chlamydophila pneumoniae, Chlamydophila psittaci	gram-indeterminate-bacteria/lesson/chlamydia-trachomatis-chlamydophila-pneumoniae-chlamydophila-psittaci
Micro	5	Coxiella burnetii	gram-indeterminate-bacteria/lesson/coxiella-burnetii
Micro	6	Gardnerella vaginalis	gram-indeterminate-bacteria/lesson/gardnerella-vaginalis
Micro	6	Mycoplasma pneumoniae	gram-indeterminate-bacteria/lesson/mycoplasma-pneumoniae
Micro	4	Rickettsia Overview	gram-indeterminate-bacteria/lesson/rickettsia-overview
Micro	4	Rickettsia prowazekii	gram-indeterminate-bacteria/lesson/rickettsia-prowazekii
Micro	4	Rickettsia rickettsii	gram-indeterminate-bacteria/lesson/rickettsia-rickettsii
Micro	10	Histoplasma capsulatum	systemic-mycoses/lesson/histoplasma-capsulatum
Micro	6	Blastomyces dermatitidis	systemic-mycoses/lesson/blastomyces-dermatitidis
Micro	7	Coccidioides immitis	systemic-mycoses/lesson/coccidioides-immitis
Micro	5	Paracoccidioides brasiliensis	systemic-mycoses/lesson/paracoccidioides-brasiliensis
Micro	5	Malassezia furfur	cutaneous-mycoses/lesson/malassezia-furfur
Micro	6	Epidermophyton spp., Trichophyton spp., Microsporum spp. (Dermatophytes)	cutaneous-mycoses/lesson/epidermophyton-spp-trichophyton-spp-microsporum-spp-dermatophytes
Micro	4	Sporothrix schenckii	cutaneous-mycoses/lesson/sporothrix-schenckii
Micro	13	Candida albicans	opportunistic-fungal-infections/lesson/candida-albicans
Micro	11	Aspergillus fumigatus	opportunistic-fungal-infections/lesson/aspergillus-fumigatus
Micro	9	Cryptococcus neoformans	opportunistic-fungal-infections/lesson/cryptococcus-neoformans
Micro	6	Mucor spp. & Rhizopus spp. (Mucormycetes)	opportunistic-fungal-infections/lesson/mucor-spp-rhizopus-spp-mucormycetes
Micro	6	Pneumocystis jirovecii	opportunistic-fungal-infections/lesson/pneumocystis-jirovecii
Micro	11	Picornaviridae Overview	rna-viruses-positive-sense/lesson/picornaviridae-overview
Micro	7	Poliovirus (Picornaviridae)	rna-viruses-positive-sense/lesson/poliovirus-picornaviridae
Micro	5	Coxsackievirus A & B (Picornaviridae)	rna-viruses-positive-sense/lesson/coxsackievirus-a-b-picornaviridae
Micro	5	Rhinovirus (Picornaviridae)	rna-viruses-positive-sense/lesson/rhinovirus-picornaviridae
Micro	7	Hepatitis A Virus (Picornaviridae)	rna-viruses-positive-sense/lesson/hepatitis-a-virus-picornaviridae
Micro	5	Norovirus & Norwalk Virus (Caliciviridae)	rna-viruses-positive-sense/lesson/norovirus-norwalk-virus-caliciviridae
Micro	9	Flaviviridae Overview	rna-viruses-positive-sense/lesson/flaviviridae-overview
Micro	7	Hepatitis C Virus (Flaviviridae)	rna-viruses-positive-sense/lesson/hepatitis-c-virus-flaviviridae
Micro	13	Coronavirus (Coronaviridae)	rna-viruses-positive-sense/lesson/coronavirus-coronaviridae
Micro	7	Equine Encephalitis Viruses & Chikungunya Virus (Togaviridae)	rna-viruses-positive-sense/lesson/equine-encephalitis-viruses-chikungunya-virus-togaviridae
Micro	6	Rubella Virus (Matonaviridae)	rna-viruses-positive-sense/lesson/rubella-virus-matonaviridae
Micro	15	HIV Overview (Retroviridae)	rna-viruses-positive-sense/lesson/hiv-overview-retroviridae
Micro	9	HIV Life Cycle (Retroviridae)	rna-viruses-positive-sense/lesson/hiv-life-cycle-retroviridae
Micro	18	Influenzavirus (Orthomyxoviridae)	rna-viruses-negative-sense/lesson/influenzavirus-orthomyxoviridae
Micro	13	Measles, Mumps, Parainfluenza Viruses (Paramyxoviridae)	rna-viruses-negative-sense/lesson/measles-mumps-parainfluenza-viruses-paramyxoviridae
Micro	6	Respiratory Syncytial Virus & Human Metapneumovirus (Pneumoviridae)	rna-viruses-negative-sense/lesson/respiratory-syncytial-virus-human-metapneumovirus-pneumoviridae
Micro	11	Rabies Virus (Rhabdoviridae)	rna-viruses-negative-sense/lesson/rabies-virus-rhabdoviridae
Micro	5	Ebolavirus & Marburgvirus (Filoviridae)	rna-viruses-negative-sense/lesson/ebolavirus-marburgvirus-filoviridae
Micro	6	Hantavirus, California Encephalitis, Rift Valley Fever Viruses (Bunyaviridae)	rna-viruses-negative-sense/lesson/hantavirus-california-encephalitis-rift-valley-fever-viruses-bunyaviridae
Micro	5	Lymphocytic Choriomeningitis Virus (Arenaviridae)	rna-viruses-negative-sense/lesson/lymphocytic-choriomeningitis-virus-arenaviridae
Micro	7	Rotavirus & Colorado Tick Fever Virus (Reoviridae)	rna-viruses-negative-sense/lesson/rotavirus-colorado-tick-fever-virus-reoviridae
Micro	11	Herpes Simplex Virus Types 1 & 2 (Herpesviridae)	dna-viruses/lesson/herpes-simplex-virus-types-1-2-herpesviridae
Micro	12	Cytomegalovirus (Herpesviridae)	dna-viruses/lesson/cytomegalovirus-herpesviridae
Micro	13	Epstein-Barr Virus (Herpesviridae)	dna-viruses/lesson/epstein-barr-virus-herpesviridae
Micro	12	Varicella-Zoster Virus (Herpesviridae)	dna-viruses/lesson/varicella-zoster-virus-herpesviridae
Micro	5	HHV-6 & Roseola (Herpesviridae)	dna-viruses/lesson/hhv-6-roseola-herpesviridae
Micro	7	HHV-8 & Kaposi's Sarcoma (Herpesviridae)	dna-viruses/lesson/hhv-8-kaposis-sarcoma-herpesviridae
Micro	7	JC Polyomavirus & BK Polyomavirus (Polyomaviridae)	dna-viruses/lesson/jc-polyomavirus-bk-polyomavirus-polyomaviridae
Micro	14	Human Papillomavirus (Papillomaviridae)	dna-viruses/lesson/human-papillomavirus-papillomaviridae
Micro	7	Parvovirus B19 (Parvoviridae)	dna-viruses/lesson/parvovirus-b19-parvoviridae
Micro	5	Adenovirus (Adenoviridae)	dna-viruses/lesson/adenovirus-adenoviridae
Micro	8	Smallpox Virus, Cowpox Virus, and Molluscum Contagiosum Virus (Poxviridae)	dna-viruses/lesson/smallpox-virus-cowpox-virus-and-molluscum-contagiosum-virus-poxviridae
Micro	19	Hepatitis B Viral Basics & Infectious Diseases (Hepadnaviridae)	dna-viruses/lesson/hepatitis-b-viral-basics-infectious-diseases-hepadnaviridae
Micro	6	Hepatitis B Viral Life Cycle (Hepadnaviridae) [Old Version]	dna-viruses/lesson/hepatitis-b-viral-life-cycle-hepadnaviridae
Micro	5	Giardia lamblia	protozoa-of-the-intestinal-tract/lesson/giardia-lamblia
Micro	8	Entamoeba histolytica	protozoa-of-the-intestinal-tract/lesson/entamoeba-histolytica
Micro	5	Cryptosporidium spp.	protozoa-of-the-intestinal-tract/lesson/cryptosporidium-spp
Micro	9	Toxoplasma gondii	protozoa-of-the-cns/lesson/toxoplasma-gondii
Micro	10	Trypanosoma brucei	protozoa-of-the-cns/lesson/trypanosoma-brucei
Micro	6	Naegleria fowleri	protozoa-of-the-cns/lesson/naegleria-fowleri
Micro	9	Trypanosoma cruzi	protozoa-of-the-blood/lesson/trypanosoma-cruzi
Micro	7	Babesia spp.	protozoa-of-the-blood/lesson/babesia-spp
Micro	13	Plasmodium: Infection & Lifecycle	protozoa-of-the-blood/lesson/plasmodium-infection-lifecycle
Micro	9	Plasmodium: Treatment & PPX	protozoa-of-the-blood/lesson/plasmodium-treatment-ppx
Micro	6	Leishmania braziliensis & donovani	protozoa-of-the-blood/lesson/leishmania-braziliensis-donovani
Micro	8	Trichomonas vaginalis	protozoa-other-tissue/lesson/trichomonas-vaginalis
Micro	13	Intestinal Nematodes: Enterobius, Ancylostoma, Necator, Ascaris, Strongyloides, and Trichinella	helminths-nematodes/lesson/intestinal-nematodes-enterobius-ancylostoma-necator-ascaris-strongyloides-and-trichinella
Micro	11	Tissue Nematodes: Dracunculus medinensis, Wuchereria bancrofti, Onchocerca volvulus, Toxocara canis, and Loa loa	helminths-nematodes/lesson/tissue-nematodes-dracunculus-medinensis-wuchereria-bancrofti-onchocerca-volvulus-toxocara-canis-and-loa-loa
Micro	10	Cestodes	helminths-trematodes-cestodes/lesson/cestodes
Micro	11	Trematodes	helminths-trematodes-cestodes/lesson/trematodes
Micro	11	Scabies, Lice, Crabs	ectoparasites/lesson/scabies-lice-crabs
Pharm	17	Digoxin	heart-failure-drugs/lesson/digoxin
Pharm	30	Heparin, LMWH, Fondaparinux, Direct Thrombin Inhibitors, Xa Inhibitors	anticoagulants-thrombolytics/lesson/heparin-lmwh-fondaparinux-direct-thrombin-inhibitors-xa-inhibitors
Pharm	21	Warfarin	anticoagulants-thrombolytics/lesson/warfarin
Pharm	29	Antiplatelet Agents	anticoagulants-thrombolytics/lesson/antiplatelet-agents
Pharm	15	Thrombolytics	anticoagulants-thrombolytics/lesson/thrombolytics
Pharm	7	Immunosuppressants	anti-inflammatory/lesson/immunosuppressants
Pharm	20	Opioids, Naloxone, Naltrexone	anesthetics-analgesics/lesson/opioids-naloxone-naltrexone
Pharm	16	Tricyclic Antidepressants	antidepressants-anxiolytics/lesson/tricyclic-antidepressants
Pharm	12	Lithium	mood-stabilizers-antiepileptic-drugs/lesson/lithium
Pharm	20	Benzodiazepines & Flumazenil	sedative-hypnotics/lesson/benzodiazepines-flumazenil
Pharm	14	Barbiturates	sedative-hypnotics/lesson/barbiturates
Pharm	13	Penicillin	cell-wall-membrane-active-antibiotics/lesson/penicillin
Pharm	6	Nafcillin, Oxacillin, Methicillin, Dicloxacillin	cell-wall-membrane-active-antibiotics/lesson/nafcillin-oxacillin-methicillin-dicloxacillin
Pharm	13	Ampicillin, Amoxicillin, Piperacillin, Ticarcillin	cell-wall-membrane-active-antibiotics/lesson/ampicillin-amoxicillin-piperacillin-ticarcillin
Pharm	15	Cephalosporins	cell-wall-membrane-active-antibiotics/lesson/cephalosporins
Pharm	9	Monobactams & Carbapenems	cell-wall-membrane-active-antibiotics/lesson/monobactams-carbapenems
Pharm	11	Vancomycin	cell-wall-membrane-active-antibiotics/lesson/vancomycin
Pharm	6	Daptomycin	cell-wall-membrane-active-antibiotics/lesson/daptomycin
Pharm	13	Tetracyclines	inhibitors-of-bacterial-protein-synthesis/lesson/tetracyclines
Pharm	9	Macrolides	inhibitors-of-bacterial-protein-synthesis/lesson/macrolides
Pharm	11	Clindamycin	inhibitors-of-bacterial-protein-synthesis/lesson/clindamycin
Pharm	5	Chloramphenicol	inhibitors-of-bacterial-protein-synthesis/lesson/chloramphenicol
Pharm	7	Linezolid	inhibitors-of-bacterial-protein-synthesis/lesson/linezolid
Pharm	13	Aminoglycosides	inhibitors-of-bacterial-protein-synthesis/lesson/aminoglycosides
Pharm	17	Tuberculosis Drugs	antimycobacterials/lesson/tuberculosis-drugs
Pharm	7	Leprosy Drugs	antimycobacterials/lesson/leprosy-drugs
Pharm	17	Trimethoprim/Sulfamethoxazole	other-antibiotics/lesson/trimethoprimsulfamethoxazole
Pharm	12	Fluoroquinolones	other-antibiotics/lesson/fluoroquinolones
Pharm	9	Metronidazole	other-antibiotics/lesson/metronidazole
Pharm	12	Amphotericin & Flucytosine	antifungals/lesson/amphotericin-flucytosine
Pharm	12	Azoles	antifungals/lesson/azoles
Pharm	9	Griseofulvin, Terbinafine, Echinocandins	antifungals/lesson/griseofulvin-terbinafine-echinocandins
Pharm	9	Plasma Concentration & Therapeutic Range	pharmacokinetic-basics/lesson/plasma-concentration-therapeutic-range
Pharm	16	Drug Distribution & Protein Binding	distribution/lesson/drug-distribution-protein-binding
Pharm	11	Volume of Distribution	distribution/lesson/volume-of-distribution
Pharm	10	Intro to CYP450 Enzymes	metabolism/lesson/intro-to-cyp450-enzymes
Pharm	8	Clearance & Area Under the Curve	elimination/lesson/clearance-area-under-the-curve
Pharm	12	Elimination-Rate Constant, Half-Life, Steady State	elimination/lesson/elimination-rate-constant-half-life-steady-state
Path	26	Renal Function Tests & Acute Kidney Injury (AKI)	acute-kidney-injury-1/lesson/renal-function-tests-acute-kidney-injury-aki
Path	29	Osmolality & Sodium Disorders	volume-electrolyte-acid-base-disorders/lesson/osmolality-sodium-disorders
Path	11	Potassium Disorders	volume-electrolyte-acid-base-disorders/lesson/potassium-disorders
Path	16	Calcium Disorders	volume-electrolyte-acid-base-disorders/lesson/calcium-disorders
Path	31	Acid-Base Disorders	volume-electrolyte-acid-base-disorders/lesson/acid-base-disorders
Path	19	Renal Tubular Acidosis (RTA)	volume-electrolyte-acid-base-disorders/lesson/renal-tubular-acidosis-rta
Path	25	Hypothalamic & Pituitary Dysfunction: Clinical Manifestations	hypothalamic-pituitary-disorders/lesson/hypothalamic-pituitary-dysfunction-clinical-manifestations
Path	19	Hyperpituitarism	hypothalamic-pituitary-disorders/lesson/hyperpituitarism
Path	27	Diabetes Insipidus & SIADH	hypothalamic-pituitary-disorders/lesson/diabetes-insipidus-siadh
Path	22	Adrenal Insufficiency	adrenal-disorders/lesson/adrenal-insufficiency
Path	25	Congenital Adrenal Hyperplasia (CAH)	adrenal-disorders/lesson/congenital-adrenal-hyperplasia-cah
Path	19	Adrenocortical Hyperfunction: Hyperaldosteronism & Hypercortisolism	adrenal-disorders/lesson/adrenocortical-hyperfunction-hyperaldosteronism-hypercortisolism
Path	22	Cushing's Syndrome	adrenal-disorders/lesson/cushings-syndrome
Path	11	Pheochromocytoma & Neuroblastoma	adrenal-disorders/lesson/pheochromocytoma-neuroblastoma
Path	29	Diabetes Mellitus: Pathogenesis & Acute Clinical Manifestations	diabetes-2/lesson/diabetes-mellitus-pathogenesis-acute-clinical-manifestations
Path	17	Diabetic Ketoacidosis (DKA) & Hyperosmolar Hyperglycemic State (HHS)	diabetes-2/lesson/diabetic-ketoacidosis-dka-hyperosmolar-hyperglycemic-state-hhs
Path	21	Hypothyroidism Overview & Hashimoto's Thyroiditis	thyroid-parathyroid/lesson/hypothyroidism-overview-hashimotos-thyroiditis
Path	19	Hyperthyroidism Overview & Graves' Disease	thyroid-parathyroid/lesson/hyperthyroidism-overview-graves-disease
Path	29	Parathyroid Gland Disorders	thyroid-parathyroid/lesson/parathyroid-gland-disorders
Path	12	Multiple Endocrine Neoplasia (MEN)	thyroid-parathyroid/lesson/multiple-endocrine-neoplasia-men
Path	23	Microcytic Anemia: Overview & Thalassemias	microcytic-anemias/lesson/microcytic-anemia-overview-thalassemias
Path	21	Iron Deficiency Anemia & Anemia of Chronic Disease	microcytic-anemias/lesson/iron-deficiency-anemia-anemia-of-chronic-disease
Path	18	Extravascular Hemolysis: Overview & RBC Membrane Defects	normocytic-macrocytic-anemias/lesson/extravascular-hemolysis-overview-rbc-membrane-defects
Path	11	Intravascular Hemolysis: Overview & Paroxysmal Nocturnal Hemoglobinuria (PNH)	normocytic-macrocytic-anemias/lesson/intravascular-hemolysis-overview-paroxysmal-nocturnal-hemoglobinuria-pnh
Path	17	G6PD Deficiency & Autoimmune Hemolytic Anemia (AIHA)	normocytic-macrocytic-anemias/lesson/g6pd-deficiency-autoimmune-hemolytic-anemia-aiha
Path	23	Sickle Cell Disease	normocytic-macrocytic-anemias/lesson/sickle-cell-disease
Path	24	Megaloblastic Anemia: Folate Deficiency & Vitamin B12 Deficiency	normocytic-macrocytic-anemias/lesson/megaloblastic-anemia-folate-deficiency-vitamin-b12-deficiency
Path	23	Quantitative Platelet Disorders	coagulopathies-platelet-disorders/lesson/quantitative-platelet-disorders
Path	14	Qualitative Platelet Disorders	coagulopathies-platelet-disorders/lesson/qualitative-platelet-disorders
Path	18	Inherited Coagulation Defects	coagulopathies-platelet-disorders/lesson/inherited-coagulation-defects
Path	17	Acquired Coagulation Defects	coagulopathies-platelet-disorders/lesson/acquired-coagulation-defects
Path	25	Acquired & Inherited Thrombosis Syndromes	coagulopathies-platelet-disorders/lesson/acquired-inherited-thrombosis-syndromes
Path	18	Myeloproliferative Neoplasms & Myelodysplastic Syndromes	myeloid-disorders/lesson/myeloproliferative-neoplasms-myelodysplastic-syndromes
Path	19	Acute Myeloid Leukemia (AML) & Chronic Myeloid Leukemia (CML)	myeloid-disorders/lesson/acute-myeloid-leukemia-aml-chronic-myeloid-leukemia-cml
Path	14	Polycythemia	myeloid-disorders/lesson/polycythemia
Path	28	ALL, CLL, Hairy Cell Leukemia, Adult T-Cell Leukemia	lymphoid-plasma-cell-disorders/lesson/all-cll-hairy-cell-leukemia-adult-t-cell-leukemia
Path	14	Hodgkin Lymphoma	lymphoid-plasma-cell-disorders/lesson/hodgkin-lymphoma
Path	18	Non-Hodgkin Lymphoma	lymphoid-plasma-cell-disorders/lesson/non-hodgkin-lymphoma
Path	16	Plasma Cell Neoplasms	lymphoid-plasma-cell-disorders/lesson/plasma-cell-neoplasms
Path	20	B-Cell Disorders & DiGeorge Syndrome	immunodeficiency/lesson/b-cell-disorders-digeorge-syndrome
Path	13	Combined B- & T-Cell Disorders	immunodeficiency/lesson/combined-b--t-cell-disorders
Path	7	Complement System Disorders	immunodeficiency/lesson/complement-system-disorders
Path	17	Phagocytic Cell Disorders	immunodeficiency/lesson/phagocytic-cell-disorders
